Date,AAPL,AMZN,GOOGL,MSFT,TSLA
2022-01-04,-0.012691436687904845,-0.016915587005979504,-0.004083180111949192,-0.01714716120458204,-0.041832696836128
2022-01-05,-0.026599991114245825,-0.018893091563845,-0.04587615471088158,-0.03838781385728107,-0.05347121367683638
2022-01-06,-0.0166935234549086,-0.006710981961323137,-0.00019954870948268866,-0.007902000604502746,-0.02152337383085412
2022-01-07,0.0009886436081674166,-0.004287778294336242,-0.005303113223773748,0.0005098125315989854,-0.035446567451716815
2022-01-10,0.00011602032357260761,-0.006570176170610398,0.012060379034709356,0.0007324191716657769,0.03034195341380186
2022-01-11,0.0167838658993249,0.024002125643924677,0.007691148727420716,0.0022594225928982414,0.005935024657598653
2022-01-12,0.002570052775324738,-0.0009373300985386912,0.012126388812277789,0.010444864180233937,0.039289748931841784
2022-01-13,-0.01902796757931602,-0.024169655027437842,-0.020105166961444154,-0.04232265515774114,-0.06749107331435766
2022-01-14,0.0051108223265670105,0.005731487003565627,0.006447055657711864,0.0177166197516736,0.017497758575059086
2022-01-18,-0.018894058376669465,-0.019862738846190164,-0.024967507946944578,-0.024339202682556516,-0.01819724123253097
2022-01-19,-0.02102490150087477,-0.016477101806013472,-0.006481663530438664,0.0022468389302368053,-0.0338278969185718
2022-01-20,-0.010347047566194312,-0.02963230963415675,-0.013388693991740364,-0.005703458509207393,0.0006227038828787723
2022-01-21,-0.012765194711589323,-0.05950180896147472,-0.02217413508062771,-0.018467972772168495,-0.05256606712507206
2022-01-24,-0.004864398553469318,0.01332698348311534,0.003471270635418078,0.001148381725759151,-0.014726129872195681
2022-01-25,-0.011384519288296757,-0.031533745543573244,-0.029578630035093645,-0.02658845068006821,-0.012473124842489969
2022-01-26,-0.0005633085299960872,-0.007954330670553511,0.01810378989071193,0.028493321745880484,0.02069905258271132
2022-01-27,-0.00294331525570235,0.005508645722495764,-0.0017642287108029509,0.010549124695610201,-0.11554175561970448
2022-01-28,0.0697777456981119,0.031084056738273746,0.033688470303250284,0.028081584766525225,0.020805692766870276
2022-01-31,0.026125749210165194,0.03886361030218932,0.014642027621782683,0.008823794834771803,0.10677611383930952
2022-02-01,-0.000972561472290856,0.010830762802234384,0.01729795814778301,-0.007138671950445485,-0.0058395266373975074
2022-02-02,0.007043981122816456,-0.0038427158906232384,0.07523764090682894,0.015222206455129728,-0.02747919159891432
2022-02-03,-0.016719695728851125,-0.0781276325178123,-0.03317577667773408,-0.038952663289987255,-0.016032495024879134
2022-02-04,-0.0016792958068740926,0.13535901735711864,0.0014188217521846624,0.01556884769749689,0.03611110968421327
2022-02-07,-0.004234481105097165,0.0018777353189827206,-0.028556869640990357,-0.016310648553229945,-0.01730718642133755
2022-02-08,0.018466883338861484,0.022021627828944013,0.0014224301428751307,0.01199512443018036,0.0161571905234128
2022-02-09,0.00829357532073427,-0.0013877341505965646,0.0157316721345635,0.021835288099940175,0.010845920427172029
2022-02-10,-0.02359878305274521,-0.013561706274733853,-0.02098984636718082,-0.028373087964962962,-0.029452771017468238
2022-02-11,-0.020218557232724366,-0.03591110674363196,-0.03129055504298439,-0.02427426388790299,-0.04925102969626416
2022-02-14,0.0014231797387078693,0.012221683270054351,0.009260444222227271,-0.0001356453036027716,0.01832566437213501
2022-02-15,0.023152477226995982,0.008658352201907249,0.007987375675812425,0.018542313842016434,0.053290764282768466
2022-02-16,-0.0013889082919447127,0.010159039538768955,0.008268138329819319,-0.0011669728585175232,0.0010407532409399955
2022-02-17,-0.021269202460189374,-0.021808901106176726,-0.03774549713648345,-0.029282244216830233,-0.05094269900666093
2022-02-18,-0.00935579003281084,-0.013261957754408193,-0.01611619437310463,-0.009631134044087775,-0.022103035296720752
2022-02-22,-0.01781229107567439,-0.015753494788264932,-0.004520509351305213,-0.0007291487027288879,-0.04136624223452856
2022-02-23,-0.025864128712844048,-0.03575624663287669,-0.017143908544014264,-0.02589341485875607,-0.06997917599526948
2022-02-24,0.01668022276100678,0.04509522427819257,0.03999601112471751,0.051093911169721506,0.04807345500262783
2022-02-25,0.012965605598769914,0.01605793012842116,0.013328032312573734,0.009233042770555366,0.011364031324829549
2022-02-28,0.0016378511491172976,-0.0014662630028149382,0.004443628246033393,0.004977812958250949,0.07477746853358713
2022-03-01,-0.011628053935714311,-0.015765550251120253,-0.00737092872266587,-0.012851834055459754,-0.006962143345558558
2022-03-02,0.020588188422828724,0.0060241839623909055,0.003804180363754961,0.017765769670154086,0.01795529711451649
2022-03-03,-0.0019811108171007286,-0.027319556126581324,-0.004993606939260431,-0.01422415894890472,-0.04614210448825773
2022-03-04,-0.018408401414226283,-0.0152637929917393,-0.014884345659493703,-0.020478533923914854,-0.0011915196265851469
2022-03-07,-0.02371748385610306,-0.05622045424233624,-0.041908441125377616,-0.03777678109562166,-0.04021280504200253
2022-03-08,-0.011676204081050079,-0.010465446730283379,0.005744633632760898,-0.010971637205977491,0.02463394210323222
2022-03-09,0.03499751320651545,0.024001199930983708,0.04968748328116046,0.045858503471689405,0.04193357517885765
2022-03-10,-0.027186212870851878,0.05412515560997311,-0.007423774852291287,-0.010086655749406925,-0.024063755330148706
2022-03-11,-0.023908822622967674,-0.008806846762653975,-0.019323614813520518,-0.01932859585008484,-0.0512345859010529
2022-03-14,-0.02656221582019269,-0.025229488143872714,-0.03018015323242229,-0.012960907094538232,-0.036436802368687404
2022-03-15,0.02967713851595688,0.038867730338306705,0.025779800471779524,0.03874282169455601,0.046348355546253384
2022-03-16,0.029015694822527083,0.038933563723705156,0.03159884501873833,0.02521302167789452,0.047812040425278646
2022-03-17,0.006454087159159405,0.027007748989816838,0.00419054676921693,0.0028193742339415184,0.037335010469022656
2022-03-18,0.020918693941726296,0.025512151358369817,0.01708387489535168,0.01764789860579552,0.03876779427650434
2022-03-21,0.008537568101339543,0.0014945523217748669,-0.00017631119015482088,-0.004227097272799796,0.017417963888751054
2022-03-22,0.020800735269190573,0.02103830044237709,0.027674321127433066,0.01637909435178342,0.07905243778179138
2022-03-23,0.008233574363697649,-0.008981816492546923,-0.011385781780747228,-0.015030106694189915,0.005161136057840299
2022-03-24,0.02267777104668589,0.0014779010051912955,0.02384014223820441,0.015393022736977846,0.014823128420135223
2022-03-25,0.003734197232141856,0.006868294014676479,0.0007134311648684388,-0.0013814808329259964,-0.003234937980317265
2022-03-28,0.005036646402482692,0.025592678900108856,-0.001535308289861148,0.023116784065053242,0.0803450783611821
2022-03-29,0.019134530781353076,0.00192027764251268,0.007422641258256535,0.015159202543967298,0.007079858095940583
2022-03-30,-0.00664985384506267,-0.01780118433038691,-0.003978652837412278,-0.004914199298471589,-0.00507475414515135
2022-03-31,-0.01777549614251306,-0.019864567358571672,-0.020226906413840284,-0.017683017964452263,-0.014981813142339484
2022-04-01,-0.0017181727539578029,0.003450973226124532,0.00778739758518987,0.0036003899680634444,0.006486599368272561
2022-04-04,0.02369350163549333,0.029264484561530857,0.020128519194889893,0.01793665463773264,0.05611341298759176
2022-04-05,-0.01894187735210129,-0.025492089193307588,-0.016650426800889906,-0.012985387045141072,-0.047308971544201106
2022-04-06,-0.018450899477234994,-0.032300120131985244,-0.02875705975426568,-0.03660553972196057,-0.041694894294368345
2022-04-07,0.0018040669950996069,-0.0061194323502751224,-0.004829612096462932,0.0062434154686796806,0.010996816105212748
2022-04-08,-0.011908922477422812,-0.021066740550443774,-0.019140820432151928,-0.014599948330994872,-0.03004944796541842
2022-04-11,-0.02551586404870465,-0.021613947156313595,-0.03349150218975505,-0.03943171404135759,-0.048328086073804455
2022-04-12,0.011523160762942686,-0.002213363562407644,-0.008608778435305275,-0.011217651862964084,0.011291813566499442
2022-04-13,0.01634291910718555,0.03152445706895657,0.01706530565682174,0.019711755159651956,0.03588835603591267
2022-04-14,-0.02998853091001552,-0.024652684274885983,-0.024358189452953094,-0.027084254434970756,-0.03655231880843268
2022-04-18,-0.0013308571068382236,0.007109164667870926,0.007468652334455372,0.002465976702754391,0.019583733431163042
2022-04-19,0.014115129476035104,0.03488883060861969,0.01826904857228162,0.017039778601296574,0.023758093445249484
2022-04-20,-0.0010154483039129802,-0.026041044919075107,-0.015145325758017747,0.0037156194899572448,-0.04955503671370076
2022-04-21,-0.004843624977090788,-0.037026427673936824,-0.02519139659026859,-0.019381277529472607,0.03231684066245499
2022-04-22,-0.0278212067896928,-0.026608937569704394,-0.041493429418644534,-0.02414443951262879,-0.003697576672395231
2022-04-25,0.006737112925236266,0.011943186356370372,0.02874135997406424,0.024413490039910446,-0.006994645387893739
2022-04-26,-0.03732791979280814,-0.0457507730510871,-0.03594583795149808,-0.03740402212274263,-0.12184121881948873
2022-04-27,-0.001466978920297568,-0.008781047317448887,-0.03670884451017664,0.048108886448663624,0.005807678470473254
2022-04-28,0.045155532762038764,0.04653418536434306,0.0369921753301099,0.022632543902835645,-0.004537702888526063
2022-04-29,-0.0366046621493914,-0.140494377749234,-0.0372334836289302,-0.041811921833967425,-0.007692220213591394
2022-05-02,0.0019663357005756943,0.0017580913238786078,0.021676549284860513,0.025043377951087464,0.03695628471433299
2022-05-03,0.009622396982291281,-0.0019799044812061073,0.006441751268482898,-0.009456268183584915,0.006988279761963367
2022-05-04,0.04100868003796343,0.01348046853293483,0.041991304868888024,0.029100772558942722,0.04769864576468552
2022-05-05,-0.05571615083874448,-0.07561036490424522,-0.04707551759877682,-0.043554735137889544,-0.08328615317548016
2022-05-06,0.004726920339327423,-0.014041240035030156,-0.006514703575309033,-0.009446628573196447,-0.008737180698190294
2022-05-09,-0.033189149896460046,-0.05213354825727934,-0.027953186479165892,-0.036945253090718055,-0.09072948807249681
2022-05-10,0.01611221752996994,0.0006434445934944133,0.016744792669080022,0.018595698953578044,0.016427173986372612
2022-05-11,-0.051841494290771895,-0.03203225709010704,-0.006927678578092955,-0.033209846383061015,-0.08254582843646041
2022-05-12,-0.02689412897373933,0.014790404884573283,-0.006676779038314429,-0.019957766919672437,-0.008174386751047313
2022-05-13,0.03191649271679453,0.05727556035084924,0.028415319842344466,0.02259649376829298,0.05712909369145702
2022-05-16,-0.010672323618340585,-0.01985316173972196,-0.013834487925223238,0.0014549545503392824,-0.05875856161837267
2022-05-17,0.025422525406765262,0.04113327357999652,0.01772036458637194,0.020344414817817347,0.05141017778952928
2022-05-18,-0.05641926140515641,-0.07156196640827217,-0.03926668202431405,-0.0455297036457436,-0.06801379812405906
2022-05-19,-0.024641157307713546,0.0019278532990965047,-0.013543381048973235,-0.00369969322411845,-0.0005494634476534976
2022-05-20,0.0017473242151986312,0.0025345295167615856,-0.013371474095678404,-0.002291257160217497,-0.06416505716141863
2022-05-23,0.040119261352687285,-0.0003160506951839226,0.023689596445091388,0.03203194552308064,0.01656871415985961
2022-05-24,-0.019216078825030958,-0.03214110432537598,-0.04949407886529711,-0.003951541840911399,-0.06925464690507588
2022-05-25,0.0011397174870022564,0.025696475417555487,-0.001556928425863191,0.011170159728277396,0.04877737911795821
2022-05-26,0.0231996651692834,0.04029499229486544,0.01878461530184472,0.012875144909296532,0.07427138936829314
2022-05-27,0.04075679399773624,0.036632083603781895,0.041969447143372474,0.02760468420887552,0.07333306253742577
2022-05-31,-0.005346433777880466,0.04397010379074828,0.012869846892031633,-0.0050139375230372485,-0.001803563389055185
2022-06-01,-0.000873242088346271,0.012266042992872705,0.00114275791708085,0.0020229053454179358,-0.02359349020027357
2022-06-02,0.016811060193115734,0.03145034300738625,0.0327546501735414,0.007928905689936316,0.04677398003874078
2022-06-03,-0.03855534243219583,-0.025185068024527135,-0.026198120300923944,-0.016607188256447025,-0.09219359988526965
2022-06-06,0.005227552176845229,0.01994280728922404,0.019901138028185716,-0.004703186394212078,0.0160472016783606
2022-06-07,0.01758586176096344,-0.014344105316090427,0.0028162731584124856,0.013953254150983696,0.0025460558898939833
2022-06-08,-0.005043255315270945,-0.014796745486375773,0.0003797979283284292,-0.00766936248958483,0.012474516432601446
2022-06-09,-0.035955631756230844,-0.04150848957443054,-0.020124667417353637,-0.020783469224426754,-0.008930555308462429
2022-06-10,-0.038628567142485526,-0.05596211721574329,-0.03199371771952897,-0.04456367489869095,-0.031190911234383223
2022-06-13,-0.03828506809087007,-0.05453719355874542,-0.04290151829070987,-0.042412918465136396,-0.07102153990705962
2022-06-14,0.006672869050693198,-0.013118555361940287,0.003035912833750487,0.009205139584445243,0.023887157055640484
2022-06-15,0.020111043433444165,0.052389802934770247,0.0285713255946638,0.029735275430813113,0.05482367080362738
2022-06-16,-0.039651140466548496,-0.037243378610853584,-0.03399095865630941,-0.026970035946463078,-0.08540769912654234
2022-06-17,0.011533166829565511,0.02469609751257895,0.010468295456713683,0.01094003936463861,0.017174980283869212
2022-06-21,0.032760392305798414,0.023159471438541024,0.04107128510805236,0.024591308772716536,0.0935443480214786
2022-06-22,-0.003827089886023982,0.0024843268523027096,-0.000506604967432045,-0.002404109287866052,-0.004007805884153504
2022-06-23,0.021573691980318,0.0320330939965241,0.006767494389055662,0.02263657582904144,-0.004306310889948484
2022-06-24,0.02451695272383647,0.03575237064906034,0.051077205101764944,0.034149854970491056,0.04524889345059324
2022-06-27,0.0,-0.027820692849391482,-0.01815209934650508,-0.01049687628518603,-0.0032016505127857586
2022-06-28,-0.029789295016177553,-0.05140434227234392,-0.03303012058514254,-0.031749061582434845,-0.0500435578248114
2022-06-29,0.013023882378978113,0.014152668728781626,-0.002732079437917312,0.01473797093698792,-0.01793718238090891
2022-06-30,-0.018027633525460884,-0.024880638358707907,-0.02451621016102079,-0.013179287566039588,-0.017579227799377373
2022-07-01,0.016164176614043235,0.03154127203651247,-0.002069407356551478,0.010707634752580741,0.012429131666979787
2022-07-05,0.0189305707814742,0.035962053023039786,0.04161850226222952,0.01259726790227722,0.025535704813974602
2022-07-06,0.009607180509205282,0.007312791463036872,0.011557116432687975,0.012783125000972895,-0.005720802000385383
2022-07-07,0.023999563899495868,0.01749322109655349,0.036754197858867466,0.008226537043121374,0.055279044880592876
2022-07-08,0.004714746218592136,-0.006791033294013538,0.004802900961506262,-0.0027573286909583494,0.02543516968760029
2022-07-11,-0.014757893886319096,-0.03280250030721621,-0.03080763860266378,-0.011768627771464035,-0.06548005948146851
2022-07-12,0.006833664325195832,-0.022639810105564928,-0.014315720846003743,-0.040981371146713075,-0.005433611636988744
2022-07-13,-0.002536675067521532,0.010803884746268588,-0.023390628865562757,-0.0037449419523761796,0.017033448479672808
2022-07-14,0.020482250170161587,0.002083294604712016,-0.008854711114169134,0.005381387241066626,0.005371861218914864
2022-07-15,0.011450194586274165,0.02639434033114041,0.012775530465016116,0.010390468325766511,0.0073572315408600986
2022-07-18,-0.020643060671720392,0.0018493974357440823,-0.02457999052082671,-0.009621523967010215,0.001999426810217919
2022-07-19,0.026721795214356137,0.03911741266419111,0.04384111458767537,0.020766982181249505,0.020716718219316865
2022-07-20,0.013509911813744946,0.03857539627705431,0.0007907388321910513,0.010557613289121859,0.008023464466653252
2022-07-21,0.01509432735245797,0.01515028639903937,0.003863110021035787,0.009799112581881042,0.09780470722853529
2022-07-22,-0.00811072346251862,-0.017732481209791984,-0.05632321965069387,-0.01691603759940785,0.0019752262198982073
2022-07-25,-0.007398548124118665,-0.010455798059483823,-0.003614453794285377,-0.005876313341404815,-0.013994935471540293
2022-07-26,-0.008826270077093024,-0.052253606265046715,-0.0231607808792762,-0.026774334465926586,-0.0356637312112531
2022-07-27,0.03423456673362257,0.0536538959419941,0.07655703665246061,0.06685194239018677,0.061655036992220635
2022-07-28,0.0035719467982853192,0.010829110898360028,0.01026002537705839,0.028540674190832505,0.02212352234272652
2022-07-29,0.032792998072534774,0.10361464095050721,0.018385442020257603,0.015664883045127365,0.05784976985791013
2022-08-01,-0.00615342010735398,0.0032604850044939404,-0.012551552222600737,-0.009724107677076432,0.00042631152414229767
2022-08-02,-0.009287423113907067,-0.009084834427092181,0.0023507986895641153,-0.011474495805858687,0.011134400598203698
2022-08-03,0.038247646489312226,0.039952299225118226,0.02562314996663906,0.027836760786637438,0.02265568716125621
2022-08-04,-0.0019261313599683305,0.021860686341448332,0.0009316543186583814,0.004176887805765084,0.004023022853486102
2022-08-05,-0.001388980721679145,-0.012414983387324718,-0.006091933861458454,-0.002608420377768206,-0.0663030068235908
2022-08-08,-0.0029030723579820394,-0.009872154542052702,-0.0014472049168819945,-0.009155127083652514,0.007819434052879659
2022-08-09,0.00030338782760197525,-0.011333489631663474,-0.005711956337831947,0.007063341817352686,-0.024412625864385085
2022-08-10,0.026194550939054206,0.0352608325167747,0.0263225898875159,0.02430057375812744,0.03890581776676605
2022-08-11,-0.004431565230931689,-0.014366830308238487,-0.007184634067766482,-0.007400661469561309,-0.026249292544206493
2022-08-12,0.021425572713443586,0.020691152408548463,0.023897736222313615,0.017036921938862637,0.046750143628413676
2022-08-15,0.006333494249865845,-0.0025775713556979163,0.0032873722863768773,0.005344268488493009,0.03096359891583922
2022-08-16,-0.0009238254245220734,0.0111747882760318,-0.003112896858590397,-0.0025898820112429943,-0.008912075793144236
2022-08-17,0.008784591460404334,-0.01851079360669594,-0.017666345168100284,-0.0026360683743406055,-0.008372333511224461
2022-08-18,-0.002291791090786699,0.0014074379989574837,0.005186083013232645,-0.003947304019600417,-0.0037062197211366055
2022-08-19,-0.015101712920321697,-0.02860159688639219,-0.02463165752847929,-0.013854403748250421,-0.020481852686155544
2022-08-22,-0.02302933245547012,-0.036243902638259384,-0.02533901651084436,-0.029355240135035543,-0.022764022407583906
2022-08-23,-0.0020290729689670384,0.003002506326521548,-0.003326526798835716,-0.0047161661327980164,0.0225584954757323
2022-08-24,0.0017939877313488672,0.001347163157822573,-0.0014929544750226231,-0.0023511926266962524,0.002170125887066332
2022-08-25,0.014922507889736591,0.026008936084948253,0.026035654296429067,0.011095040199990303,-0.003455684406709514
2022-08-26,-0.037698975007057656,-0.04756700784791723,-0.0540934622605308,-0.03858683905625737,-0.026953121859416895
2022-08-29,-0.013690501669326838,-0.007342307563037775,-0.00833788113329037,-0.010668283339483664,-0.01135058160727187
2022-08-30,-0.01530547045833941,-0.008167020675137082,-0.004386778319462992,-0.00852115190257885,-0.0249982267189629
2022-08-31,-0.010635024143990868,-0.015225659516225343,-0.006609125094840462,-0.0057036143691933106,-0.007526203685978228
2022-09-01,0.004706961658916153,0.008282741023605045,0.014045441191805397,-0.004092300938077997,0.005623955563764049
2022-09-02,-0.01361095427783876,-0.002425266463259912,-0.01722249782050711,-0.016666771195188,-0.02507581222110289
2022-09-06,-0.008215194931228909,-0.010979542799969155,-0.009643060267593206,-0.010974044495588475,0.015580556255471167
2022-09-07,0.009253906141263313,0.026722663554652915,0.02471688954443052,0.019111583635919693,0.03381677109982606
2022-09-08,-0.00961782603595851,0.0026259778181887405,-0.009776195009430166,0.001666109735074972,0.01959815762903916
2022-09-09,0.01883953090285906,0.02657523304266962,0.020944859859053144,0.022976885591193374,0.03602289482946186
2022-09-12,0.03850801652921931,0.023861278411006825,0.0018978420259072593,0.008281368684020851,0.01581694096302666
2022-09-13,-0.058679433620817845,-0.0705752837581286,-0.05899324644966586,-0.054978733719025064,-0.04037188096320543
2022-09-14,0.009555342451925464,0.01364140798846103,0.0065183048174857205,0.0009127653224705323,0.03587437200418364
2022-09-15,-0.018929804142719497,-0.0176585314552421,-0.019904767451699668,-0.027119218343904405,0.003767273730617582
2022-09-16,-0.01096022764333704,-0.021777003694830932,-0.0010687656272775348,-0.002608103603290224,-0.0013168523341049454
2022-09-19,0.025082798347124458,0.009147615105472573,0.0026263582263423846,-0.0008989321186906318,0.018856110452001085
2022-09-20,0.015665613928671718,-0.019813903001303146,-0.01872518910204979,-0.008465592359304996,-0.0011000625419275156
2022-09-21,-0.020267533741612387,-0.02987152347123645,-0.018390389865982182,-0.014435924356821173,-0.025685948599634356
2022-09-22,-0.0063753349657240665,-0.010376272544574294,0.00866229903585558,0.008495543211165746,-0.040591728559117746
2022-09-23,-0.015123937718096614,-0.03009120154088929,-0.013980306430618317,-0.012698067428698834,-0.04594757245188685
2022-09-26,0.0022603694551990294,0.012040804722097675,-0.005772844415220968,-0.001975729430540585,0.0024698479153155706
2022-09-27,0.006566202565752688,-0.006426381710496365,-0.0068247888630653675,-0.0043796920902859915,0.02510775852537339
2022-09-28,-0.012651754023869644,0.0314657666190894,0.026153940708792733,0.019711517352619667,0.017212112374233923
2022-09-29,-0.04911908257485453,-0.027201076403397084,-0.026287038131951546,-0.014809087765769613,-0.06810050474193607
2022-09-30,-0.03003900175390184,-0.015679468675155683,-0.01816862152234755,-0.019368345022064415,-0.011036096899372572
2022-10-03,0.030752531219924162,0.025486701357681163,0.03125974122481523,0.03366245522440492,-0.08614516909902215
2022-10-04,0.025623231025952986,0.04496029692750958,0.030413726627861237,0.03381260650382023,0.029042940273044104
2022-10-05,0.00205312749054376,-0.001156159830559278,-0.002066154169612644,0.0012855864526761795,-0.034597517632881325
2022-10-06,-0.006625791495896705,-0.00537407121029132,-9.859200006312463e-05,-0.009671014362248154,-0.011129075632041241
2022-10-07,-0.036718555958405674,-0.04771409266460691,-0.02701641657983389,-0.05085270769323569,-0.06324275500689214
2022-10-10,0.002355596137088467,-0.007768849586377025,-0.00830953153063263,-0.021303030814970425,-0.0004931214719139376
2022-10-11,-0.010254999794853559,-0.012844190270001499,-0.006948831134285016,-0.016750270862249894,-0.02897383620084637
2022-10-12,-0.004604902659249732,0.006149206372302096,0.003910184337035494,0.0015081980095603686,0.003418039229395209
2022-10-13,0.03361284543317633,-0.00327726077574253,0.015375284583666993,0.03760824131278362,0.020622332969329804
2022-10-14,-0.032240109924003724,-0.05003107895219994,-0.025237234382911033,-0.024249027051625238,-0.07545550981161053
2022-10-17,0.029122916679525268,0.06445275295885255,0.03531485116270261,0.039246077154589054,0.07005219876844393
2022-10-18,0.009409116306823062,0.022585461588422673,0.008002241945087363,0.0040834921324997,0.003829479437051919
2022-10-19,0.0007652790600247705,-0.01108629175628062,-0.01131279783728889,-0.008469500271632624,0.008401793106927569
2022-10-20,-0.00326689650660994,0.0015642678860967596,0.0034126904833342575,-0.0013956291580180524,-0.0664744863679374
2022-10-21,0.027058969798693377,0.03531453097461368,0.01160338932604521,0.025280717875966197,0.03454266549727758
2022-10-24,0.014802879761267596,0.004190412347291339,0.013744637989255626,0.02118791702025047,-0.014875967194030837
2022-10-25,0.019337669593748164,0.006509754475742646,0.01911842939519115,0.013791745162495372,0.05287573097725584
2022-10-26,-0.019627399194019013,-0.040961814879887926,-0.09140520335958646,-0.07715634028976925,0.009981122376490958
2022-10-27,-0.030464994261422462,-0.04063638620803933,-0.028547317815590056,-0.019756264659991363,0.00200319154854367
2022-10-28,0.07555221139265877,-0.06804249715805744,0.04413366747923164,0.04022058309723975,0.015238384603380561
2022-10-31,-0.015410341165736807,-0.009380148789788212,-0.018485848614579914,-0.015856326305828228,-0.004288512900427199
2022-11-01,-0.017542708335232193,-0.05515425020719422,-0.04274686350095158,-0.01705936221578641,0.0012306146011606955
2022-11-02,-0.037305124790229516,-0.048248766657425834,-0.03868681595254775,-0.0353682694386287,-0.05636033352596026
2022-11-03,-0.04240490064438207,-0.030612240672440172,-0.04070374297854862,-0.026578985426231716,0.0015350350619269815
2022-11-04,-0.001947523429376652,0.01881299269611514,0.03775626407413002,0.03332566181504215,-0.03641259777431871
2022-11-07,0.0039025353203365754,-0.00494619214148917,0.022060489427544017,0.029269581550011248,-0.05007952633400592
2022-11-08,0.004174958085809033,-0.006075283660437414,0.004633378493560825,0.004388503541724376,-0.02932818513088775
2022-11-09,-0.03318978628423119,-0.042676192754212194,-0.017772935985224225,-0.019050262272248597,-0.07166757185130745
2022-11-10,0.08897458634208721,0.12177847617944293,0.07581311429167203,0.0822681083124237,0.07393437216942544
2022-11-11,0.01926856348086914,0.0430508514990382,0.026293544260791224,0.01699732697045442,0.027527264924482875
2022-11-14,-0.009485706971160468,-0.022819754250081425,-0.007364518198139325,-0.02250013837625775,-0.02561618738169713
2022-11-15,0.01186944830166925,0.004569038353104293,0.028631353677791793,0.0017387836718683047,0.018172303095892017
2022-11-16,-0.008331106593567617,-0.018394983322363,0.004164894436281541,0.0018234429330894475,-0.03857627852399581
2022-11-17,0.012971284642529612,-0.02337318995330062,-0.004957097758559126,-0.00020684258327141603,-0.020062058831236462
2022-11-18,0.00378205963635736,-0.007485493894513584,-0.009455083348837934,-0.0019031769961085354,-0.016269016527425406
2022-11-21,-0.02168017375701381,-0.017845764989037338,-0.018782593536556313,0.0034408587631473697,-0.06837231343190053
2022-11-22,0.014660795295640794,0.008003437930963697,0.01516724361387789,0.012311466079000244,0.012152311933396831
2022-11-23,0.005926381679089765,0.009978544373689724,0.014528627492259139,0.010406899460620123,0.07821783885404354
2022-11-25,-0.01959347772119857,-0.0076489282090407285,-0.010156442084224615,-0.00036362042480408974,-0.0018558752377418886
2022-11-28,-0.02626432496533415,0.00578089353348199,-0.014467428750304934,-0.023152425475621352,0.0003281065208000644
2022-11-29,-0.021148351930093123,-0.016285245651894598,-0.008953676867553773,-0.00591497629637372,-0.011425739989130657
2022-11-30,0.04859408879892313,0.04457912603558589,0.060930856911920905,0.06162349892884533,0.07670184691003823
2022-12-01,0.0018914601412478582,-0.010772746070691896,0.0,-0.0017636169054602302,0.0
2022-12-02,-0.003371126312022965,-0.01434557849824114,-0.005446108818889295,0.0012956450022461041,0.0008217959148295595
2022-12-05,-0.00798322633021431,-0.033145598727553405,-0.009557969747468698,-0.018900548639441905,-0.06368676805520912
2022-12-06,-0.025370067154598552,-0.03032636052572657,-0.02513068390204609,-0.020303668482045012,-0.01441485156488942
2022-12-07,-0.013784872115011448,0.0023795930251859776,-0.021035339824615584,-0.0030597930947159346,-0.032143331123685615
2022-12-08,0.01213262151239114,0.021365582288144003,-0.012955550285371764,0.012399257951549059,-0.003447430865732959
2022-12-09,-0.003435110728985391,-0.01394579034322141,-0.009390520758701837,-0.008003128816314709,0.0323454827685834
2022-12-12,0.01639022277206137,0.01638799835988136,0.005170506732199209,0.028889255418964588,-0.0627198857086465
2022-12-13,0.006782517688334488,0.02142456926150338,0.024863413836290427,0.017464759664209017,-0.04093677795344208
2022-12-14,-0.015535878240082734,-0.009838858835905628,-0.005855851833869052,0.0011674968866750568,-0.025784367661833008
2022-12-15,-0.04685426371677981,-0.034177820705733164,-0.04428309742582437,-0.03191814027607731,0.005548438139381551
2022-12-16,-0.014578609173176105,-0.006670394101153776,-0.00660368892222718,-0.017348643502525074,-0.047187179094365206
2022-12-19,-0.015909995691621548,-0.033462353983410575,-0.020163837464780565,-0.0173280392128754,-0.00239632976495896
2022-12-20,-0.0005284559844301873,0.0031795134041781026,0.006558066609805291,0.005614413223157699,-0.08053641461716088
2022-12-21,0.02380926433008268,0.018546709195681466,0.006290665778114546,0.010876717112228373,-0.0016690545895901021
2022-12-22,-0.023772578054509275,-0.034343619255829294,-0.02031698602907195,-0.025528847161013113,-0.08882756559936855
2022-12-23,-0.0027980835384753266,0.01742450254827599,0.016750102357110386,0.002267336962510136,-0.017550833466474902
2022-12-27,-0.013878413255346445,-0.025923742926365456,-0.020620651497170406,-0.007414424027784583,-0.1140885333144338
2022-12-28,-0.030685160755172025,-0.01469172937442731,-0.015676877993544114,-0.010254853723329571,0.03308891531476843
2022-12-29,0.02832447957588058,0.02884381103830358,0.028249233258859086,0.027629770041804003,0.0808269069678893
2022-12-30,0.0024686427171960457,-0.002138278742257471,-0.0024873272416428005,-0.004937403526490303,0.011164017515666869
2023-01-03,-0.037404583568372396,0.021666663033621747,0.010087285737377716,-0.001000986490796052,-0.12242248574195735
2023-01-04,0.010314208573187766,-0.007923564525679994,-0.011669617511167574,-0.04374321304100082,0.05124885285593783
2023-01-05,-0.010604596470271233,-0.023725589118479662,-0.02134428022878576,-0.02963771786107061,-0.029039097760312105
2023-01-06,0.03679404106847284,0.035611152390083056,0.013224947707841439,0.011785343651317337,0.024651090365942707
2023-01-09,0.004088890611232188,0.01486987397850048,0.007785811274929166,0.009736345286213144,0.059349011404278285
2023-01-10,0.0044564019845885205,0.028731709234134817,0.004544331528028245,0.007617278895345692,-0.007681374256751861
2023-01-11,0.021112270673481648,0.058083825879343465,0.035059900986438075,0.03023802568804479,0.036769060182475055
2023-01-12,-0.0005995127942325373,0.0018929468094222024,-0.004261275405494813,0.011621481462589456,0.0027592625752506095
2023-01-13,0.010119389952288005,0.029915043601747016,0.010863635285466966,0.0030186658571020875,-0.009388119582672827
2023-01-17,0.008756198918529856,-0.02109661268732821,-0.00900990423934045,0.004681875813712155,0.07426473736900463
2023-01-18,-0.005370107704377292,-0.006142675153973931,-0.0018623161783293263,-0.018889112432450506,-0.020609982513142944
2023-01-19,0.0004439722398101864,-0.01864654092151996,0.021180833471010185,-0.01645402041010935,-0.012501946153228194
2023-01-20,0.019220784817386205,0.03810845093076898,0.05341214989012322,0.03574362195104008,0.0491468120625187
2023-01-23,0.023500361301820094,0.002776315095798454,0.018057562640270364,0.009824298321677194,0.07742468874848996
2023-01-24,0.010063254333443128,-0.012305137300550828,-0.020944064725435974,-0.0022261107524473855,0.0009739087975544347
2023-01-25,-0.004700861627026542,0.008928577793566816,-0.025383752565397266,-0.005908068872326755,0.003752820129427681
2023-01-26,0.014803276517113773,0.02099198301215366,0.02415455541840772,0.03071347791285306,0.10967259156647335
2023-01-27,0.013684115189695145,0.03043737760442866,0.01897042784055336,0.0006452504227056899,0.11000180416824756
2023-01-30,-0.0200777182118288,-0.01652968356145279,-0.02445397681256445,-0.021961786860637322,-0.06318150994943417
2023-01-31,0.009020638814831727,0.025658817736008643,0.019599641801893553,0.021013014533039387,0.03936155894904236
2023-02-01,0.007900769973721689,0.019586971068148662,0.01608675068540566,0.019934557259933205,0.047280928205116535
2023-02-02,0.03706273660187498,0.07379935352944922,0.07278691528124548,0.04688444338404052,0.03781489703913388
2023-02-03,0.02439993918672423,-0.08431497620839845,-0.02747356157081371,-0.023620756447966795,0.009082654784473565
2023-02-06,-0.017928945898878168,-0.011703250716856073,-0.017942324231920326,-0.006115813505631618,0.025160537355481072
2023-02-07,0.019244834437776248,-0.0006850625818668465,0.046064178518698595,0.04202212630678415,0.010525791279409002
2023-02-08,-0.017652814285055496,-0.02017429777965274,-0.07683024988531717,-0.0031021228390077926,0.022763049555982517
2023-02-09,-0.006911560155075658,-0.01809100582487666,-0.043876391890977584,-0.011659590356805749,0.029956849516678652
2023-02-10,0.0024562849006866116,-0.006412838631079665,-0.004631178078593812,-0.0019724667262813744,-0.05030873801899527
2023-02-13,0.018806662985919598,0.019772567289289666,0.0004230564031550976,0.03124258997025997,-0.011427700782035255
2023-02-14,-0.004224885875760753,0.0016073541414833858,0.0007398120345685211,0.0031328932669285603,0.0750616556523096
2023-02-15,0.013903265115583485,0.014643999584324163,0.02387000048504362,-0.007992746921624438,0.02384709913101113
2023-02-16,-0.010429089634920619,-0.02975486385196624,-0.014751429638155678,-0.026622567733208036,-0.05694553722096751
2023-02-17,-0.007546762798589457,-0.009679109147912035,-0.012145310415503485,-0.015602030076478202,0.031033480898909227
2023-02-21,-0.026679821742832455,-0.02695468312187932,-0.027132951240946945,-0.020886485478758154,-0.05251789433835996
2023-02-22,0.0028960068925338867,0.012793392483054111,-0.001525248988516914,-0.004591149614194712,0.017682553475729224
2023-02-23,0.003290571360199168,0.000313172345862478,-0.008292571316532937,0.012961786064139114,0.006024129792842503
2023-02-24,-0.018005421053831294,-0.024212061179431754,-0.019364007109995862,-0.021784272496994994,-0.025684180003413215
2023-02-27,0.008247546685644869,0.0027807715104863906,0.008302635016423698,0.003771787164880136,0.0546017865369246
2023-02-28,-0.0034476981212477886,0.005012811540044737,0.0021139473878151183,-0.002958124508475213,-0.009247209573726933
2023-03-01,-0.01424605569047288,-0.02186145722806776,0.0033311751873572604,-0.012629322438100554,-0.014291975817664837
2023-03-02,0.004129307998417042,-0.00043399062951077205,0.018149708255509323,0.019653147367304058,-0.05853928157947319
2023-03-03,0.03508993977916153,0.030066258059702422,0.017934866176852582,0.016646147507046516,0.03609219282314147
2023-03-06,0.018539325036554866,-0.012118034851298809,0.01580332428857778,0.006188953302679989,-0.020122331071529054
2023-03-07,-0.01449659358881028,-0.0021333007812499583,-0.013350079423172012,-0.010589009793134485,-0.03147407730028162
2023-03-08,0.008377190344619478,0.003955051898638651,0.004155202296884264,-0.0017704269011469265,-0.03041929843714275
2023-03-09,-0.014914606163585975,-0.017781071140368643,-0.0204775081715457,-0.005439529472204052,-0.04989011995084991
2023-03-10,-0.013878512339265181,-0.0164769283801236,-0.01830590092336082,-0.014782928131108153,0.0030071956856769777
2023-03-13,0.013265861367313336,0.01873687738723384,0.00529635841408016,0.021441054944038473,0.005996271168666301
2023-03-14,0.014089365427137013,0.0265065123894086,0.03139044991253015,0.02705572674094925,0.050320947926932424
2023-03-15,0.0026211952824977125,0.01391230747297123,0.022773324963893282,0.017830530004469436,-0.015333393227232373
2023-03-16,0.01869429989741156,0.03991688242309577,0.04380399112634814,0.040536230451279964,0.020393505108375454
2023-03-17,-0.005454248201120171,-0.010895681300578386,0.012958544114695991,0.01169441288430395,-0.02172378153438792
2023-03-20,0.015483841586638292,-0.012531560404374087,-0.003936306324569316,-0.025766565670196195,0.017320796272765726
2023-03-21,0.011944462556717994,0.029679680207260972,0.03655404011778374,0.005693667491884158,0.07819919143822474
2023-03-22,-0.009103445246329,-0.018984232685839597,-0.014773216749044749,-0.005442347177818663,-0.03254381959196684
2023-03-23,0.006969214211951735,0.00010133876939955044,0.021573097120908047,0.019721461264226248,0.0055977366381618765
2023-03-24,0.008305624542096268,-0.005875816395847999,-0.0015151069250708415,0.010480678236056029,-0.009416281069083654
2023-03-27,-0.012293363392084644,-0.0009171134251457769,-0.02826253406576007,-0.01493403317882247,0.007352522816861606
2023-03-28,-0.003980182511177599,-0.00815996577200262,-0.013956775723387715,-0.004160889223770559,-0.013659325116185062
2023-03-29,0.019790732929630073,0.0309543624265336,0.0035632886323944124,0.019184013431862823,0.024789906342217005
2023-03-30,0.009889595026422615,0.0174563591022443,-0.004931393480937296,0.01261973765993929,0.007220929756684091
2023-03-31,0.015644409697310513,0.012647067799287592,0.028149461837198908,0.014962018375080044,0.06237201971890638
2023-04-03,0.0077016221732970624,-0.008519675143944028,0.006073573444408842,-0.003711126792064201,-0.061168427796826186
2023-04-04,-0.003249677701168796,0.015037527888523972,0.0034495142021389036,-0.00017423997869969732,-0.011244043709844997
2023-04-05,-0.011290203041780855,-0.027417013542964663,-0.0023873631067630185,-0.009889134907655195,-0.036660076287605925
2023-04-06,0.005495836672128052,0.009495540049077267,0.0378099420315936,0.02553301265356045,-0.002479553165553039
2023-04-10,-0.015972369049070623,0.0010778033801970288,-0.01826237019875432,-0.007579090905487362,-0.0029720256079851515
2023-04-11,-0.007591076775567918,-0.022022120390757682,-0.010240485957120127,-0.022668455938813503,0.012357047570192181
2023-04-12,-0.004353225030254482,-0.020916697119598093,-0.0067394929217763355,0.002333716358249305,-0.03346003653646468
2023-04-13,0.03410361595056344,0.046713683014299345,0.02666290277583272,0.02239925311579194,0.029688716127604264
2023-04-14,-0.0021138460563185912,0.001074224694457282,0.013404041161310332,-0.012765579971288354,-0.004841279860318459
2023-04-17,0.00012077669251575607,0.0022436418178335416,-0.02663727797292914,0.009296099876355601,0.011026990735853115
2023-04-18,0.007504957429717685,-0.004282604839014548,-0.013871819958446108,-0.0014888899537897071,-0.014595786064655836
2023-04-19,0.006968021621752252,0.019550341547772243,-0.003062037376333704,0.00027744353709846514,-0.020183393575926356
2023-04-20,-0.005846197575214984,-0.0046980391066805405,0.010654538320445273,-0.008112403972244664,-0.09745828230593856
2023-04-21,-0.009780773241760299,0.03034391291745231,0.0011396575474824644,-0.0012231442209547083,0.012822849668400638
2023-04-24,0.0018784623156069546,-0.007011967150520215,0.0053125422351414375,-0.013963128673133762,-0.015325895028073244
2023-04-25,-0.009435654670169713,-0.03427172037496595,-0.020005673700380755,-0.022535769685897322,-0.011565701922588656
2023-04-26,-6.115563930608747e-05,0.023496184744855597,-0.001347975337043783,0.0724346681254997,-0.04306963495243776
2023-04-27,0.028395345194597965,0.046103983455159314,0.03741196905603883,0.032027517098236924,0.041886194740853755
2023-04-28,0.007541012025671812,-0.039792412663683385,-0.002323750884696274,0.007971641355256853,0.025719427270091355
2023-05-01,-0.000530500348953411,-0.032242712137328766,-0.001304219640362425,-0.005532479551106029,-0.015093395194377579
2023-05-02,-0.006191299648990234,0.015482549283793778,-0.01753721133841557,-0.0004909539033953747,-0.00939259874721976
2023-05-03,-0.006467386242795303,0.00019303553981586674,0.0008544814260396105,-0.003307127739458404,0.0018713932775662467
2023-05-04,-0.009913387741903201,0.0033767339022539034,-0.006830380169544847,0.00331810112372688,0.003673471985857102
2023-05-05,0.04692692988037872,0.015961573674128537,0.008405631764464738,0.017157355390262197,0.05496278398315546
2023-05-08,-0.00040347304315802024,0.0016089169321718,0.020839279493360507,-0.006438325444066639,0.010172855182730478
2023-05-09,-0.00997098443173483,0.00746481056277859,-0.0038972613387820987,-0.0053457191938192095,-0.015367597024416146
2023-05-10,0.010420980203877495,0.03348339526223332,0.04098754890457612,0.01729643668351022,-0.0036062703657255835
2023-05-11,0.0010945415626115729,0.01805969525073481,0.04313183195501358,-0.007044294973325038,0.021003967520705658
2023-05-12,-0.005417545120075529,-0.01711533396079623,0.008064041959070956,-0.0036762824426158636,-0.023826162598143963
2023-05-15,-0.0028973085773376095,0.008525256609829501,-0.008509941335489546,0.0015859275998013622,-0.009703474612936969
2023-05-16,0.0,0.01978421437062372,0.025748813978697216,0.007367908646614518,0.001021930644472091
2023-05-17,0.003603141462853676,0.018518504813616277,0.011128726101489406,0.009451555255095778,0.04407876621166107
2023-05-18,0.013666001057896393,0.022943736154795724,0.016468110510050815,0.014394680642376478,0.01742780840135616
2023-05-19,0.0006285824141927243,-0.01608126535201726,-0.0005698413575188077,-0.0005652717067125002,0.018373000232992265
2023-05-22,-0.005480799550896198,-0.010666648290490577,0.018654255978771905,0.008921284186285128,0.04846228354123516
2023-05-23,-0.015155062052152668,-0.00017393506729301844,-0.019912098752248197,-0.018431927399682357,-0.01641335799687571
2023-05-24,0.0016320771964495329,0.015305697616548875,-0.013544388696765886,-0.004472332761886744,-0.015449266889003499
2023-05-25,0.006692460760113095,-0.01498929336188437,0.02133996780241354,0.038457798613726,0.008583965973816943
2023-05-26,0.014104829618694525,0.04443478791610045,0.009151263697584788,0.021385613123520608,0.047162123329924865
2023-05-30,0.010659315783078105,0.01290486257498391,-0.00754355346815605,-0.0050466875248851295,0.041362559242642094
2023-05-31,-0.00028179221242108365,-0.00887721353399118,-0.006468762842652964,-0.008514200687234741,0.013770078361723614
2023-06-01,0.016022379492024008,0.01816217265513176,0.00691788453898079,0.012758947196058745,0.017604137329555458
2023-06-02,0.004775565994914244,0.01205508998453797,0.007678585862354037,0.008479411221357536,0.031081326211682914
2023-06-05,-0.00757127188158313,0.008450728786783213,0.010748391554481707,0.0016100033412007608,0.017011727666879306
2023-06-06,-0.0020602676936269937,0.010454888481148839,0.01031665111408997,-0.006727520124473307,0.017002881015874438
2023-06-07,-0.007756230201958925,-0.04249267220189956,-0.03778177281184025,-0.030867792443985298,0.014730512862447087
2023-06-08,0.015464981785320964,0.024911297199049942,-0.0029387675236391964,0.0058136665457233505,0.045820870777622646
2023-06-09,0.0021599215134346927,-0.006599595129369917,0.0007368100978566439,0.004703902460295728,0.0406199151040636
2023-06-12,0.015638793426736797,0.025439515368102628,0.011535656365989855,0.015483912323457805,0.02221770896144215
2023-06-13,-0.002611680218509438,0.0007111003199982147,0.0015366859745284955,0.0073527194635290005,0.035544128242966044
2023-06-14,0.0034913304936741163,-0.001894879884926648,-0.0012921181599815368,0.009123837793300282,-0.007421371317580694
2023-06-15,0.011198582544282187,0.005458016543269828,0.01148213646261298,0.031896701485144785,-0.0034659239799892383
2023-06-16,-0.005859689567510373,-0.012744888197649074,-0.012470947295727064,-0.016576041184126034,0.01813214052015355
2023-06-20,0.000486608811406386,0.002310948445805039,-0.0034808762905856883,-0.012502281022728656,0.05338912722001776
2023-06-21,-0.005675539233044313,-0.00755284590127181,-0.020714876775184576,-0.01328207349323629,-0.054618400747766804
2023-06-22,0.016525583104122887,0.04261789623803569,0.02156770556551857,0.018437415249905165,0.019848894111198723
2023-06-23,-0.0017112599183181088,-0.006300361919969633,-0.006577218099592774,-0.013805910127934196,-0.030270888067223778
2023-06-26,-0.007553099749474823,-0.01546431587167707,-0.03269587140365038,-0.01916293538147873,-0.060600166336257755
2023-06-27,0.015059047455986851,0.014529104045574393,-8.43738575727615e-05,0.018167973284920036,0.03800042956291749
2023-06-28,0.006327974574666273,-0.001083754432466999,0.015634013828859095,0.003825685301350079,0.0240996896954786
2023-06-29,0.00179636702901953,-0.008834406537251538,-0.008986369291740015,-0.002382021971331083,0.004917303362650394
2023-06-30,0.023102571254759452,0.019233769000189582,0.005037748234143269,0.016385638165244742,0.016582481606492783
2023-07-03,-0.007784778551174654,-0.0010739443770555468,0.0016708107580445386,-0.007488217990854529,0.06895373445427366
2023-07-05,-0.005871340542570658,0.0012287180203460757,0.015429621187488696,0.0004734987350925035,0.009506123909958086
2023-07-06,0.002508839149654385,-0.015493205988729275,-0.013470287394394598,0.009226643057630657,-0.021028045208104085
2023-07-07,-0.005891397798420406,0.011062622017709689,-0.005245161908460694,-0.011867376001252428,-0.007630056425625198
2023-07-10,-0.01085578504725171,-0.020419182854096718,-0.02535998006709972,-0.015983745594144616,-0.01756370459810941
2023-07-11,-0.002809914266634017,0.012978852839820476,0.005925400985162366,0.0019288726677249013,0.000667717084456676
2023-07-12,0.00898543577604638,0.01568569880112225,0.01528075148300001,0.014226845513116926,0.008154422401772665
2023-07-13,0.004057469605227126,0.026758409161619312,0.04717064850610675,0.016191952390553377,0.02172875427149612
2023-07-14,0.0007872020083832254,0.002829408900884234,0.007066073366618797,0.007529495329680502,0.012522529912772917
2023-07-17,0.01730579458523307,-0.008315972513331604,-0.006139302181461859,0.0014192880697907473,0.03198521516746822
2023-07-18,-0.001340413248264949,-0.005465676406731013,-0.007140062893574717,0.03979969326453281,0.010193509901870401
2023-07-19,0.007071650250145778,0.019046892602732513,-0.013978804736302308,-0.012267169180972481,-0.007090702250741598
2023-07-20,-0.010097284523994166,-0.03989357175040831,-0.0231908869120645,-0.02312162527791828,-0.09737009860008494
2023-07-21,-0.00616169344636619,0.00030773533446226686,0.006879064794122813,-0.008937178596459705,-0.010954754468143868
2023-07-24,0.004219949261063949,-0.009230745755709147,0.01258128044782092,0.0038980380322579666,0.03476659075024635
2023-07-25,0.004513630997192486,0.002562125956798944,0.0055954310899875015,0.017009059623704914,-0.014048906614123058
2023-07-26,0.004544845953075249,-0.007589335934878205,0.05776948252798331,-0.03763741063141057,-0.0035057022016762307
2023-07-27,-0.0065806969296545725,0.0007803832093540297,0.0010054277388087396,-0.020872336588703577,-0.032683938680391544
2023-07-28,0.01350787319900948,0.030877245332297854,0.02457518521926816,0.0231314121375914,0.04196157931177735
2023-07-31,0.003166052290856758,0.011118568090654923,0.0010556376877857154,-0.007240521568131375,0.00371562162326855
2023-08-01,-0.004276041154368193,-0.014886223394710907,-0.008815254426493224,0.00125033801070229,-0.023781870118334214
2023-08-02,-0.0154899169892877,-0.026425663778747666,-0.024097281696668693,-0.02628316107123796,-0.02665954157355066
2023-08-03,-0.007321538355458124,0.005459768439170398,0.0005452663985874295,-0.00256458799309478,0.020502958173047814
2023-08-04,-0.04802012502941366,0.08269337801006271,-0.0026470533632687587,0.0034284971591893587,-0.02105509239416581
2023-08-07,-0.017253780735999147,0.01898684357254843,0.02669576640167115,0.007108501966923031,-0.009493435973824349
2023-08-08,0.00531188584264064,-0.016031491771390738,-0.0009882692013021277,-0.01229907510003403,-0.006959634206558429
2023-08-09,-0.008954472425863225,-0.01493494570121734,-0.013242021482427813,-0.011715777268392014,-0.03007606967809695
2023-08-10,-0.0012348377984943149,0.005150463718840648,0.0002313786739818191,0.0021722699558377467,0.013006292021680244
2023-08-11,0.00033762462013964267,-0.0010825194798443905,-0.0010025276128087235,-0.00594571124973553,-0.01096438608281991
2023-08-14,0.009393250984898183,0.015605834874352187,0.013661761531137628,0.009439139139323816,-0.011910156448968756
2023-08-15,-0.011200400658864296,-0.020630355012962953,-0.011802315548989584,-0.0067277353718940835,-0.028361644764614224
2023-08-16,-0.004959090094878049,-0.018885675014943426,-0.00832193019465377,-0.0024285147436268195,-0.03159340830287438
2023-08-17,-0.014555267753522005,-0.008069975106044458,0.00947958738810839,-0.010986133621535776,-0.028280162722535862
2023-08-18,0.0028162121263741735,-0.005672447612115605,-0.018934903464835617,-0.0012623923788409597,-0.017014851321818125
2023-08-21,0.007736945618429303,0.01095925117625085,0.007139508043971565,0.017062855490489692,0.073274828918382
2023-08-22,0.007904842340364926,-0.0031926989840012077,0.005530931093499669,0.0018017448629155108,0.008258403978685713
2023-08-23,0.021948801605240265,0.009459994580714559,0.025488188797125444,0.014079441919564895,0.01573823118710882
2023-08-24,-0.026170308155719524,-0.027154721211281152,-0.01956638218294282,-0.021498535436054955,-0.02879341090367582
2023-08-25,0.012643037318801786,0.010770617478674804,0.0007704305460833893,0.009407229624053048,0.037167463490241914
2023-08-28,0.008846140781626932,-0.0009004586682715976,0.0087002646989911,0.0022291009148511787,0.0009640428763089126
2023-08-29,0.02181031257424193,0.013294308852149106,0.027173539044728967,0.014550575591315118,0.07687791972402569
2023-08-30,0.01917217419184758,0.0011860029483812262,0.009735007407207563,0.0011569785460279203,-0.0010887269121663268
2023-08-31,0.001172485616031782,0.021766395374215985,0.002134162254981531,-0.00313276764453585,0.004593198535678855
2023-09-01,0.008463284612303168,0.0007970481467276525,-0.0037455007329210144,0.0027460966705747936,-0.05064318329763218
2023-09-05,0.0012666407010075709,-0.006154002858205887,0.0008109792367314572,0.014878414690391306,0.046855214011356505
2023-09-06,-0.035793057791785876,-0.013914209970579572,-0.009648736538919622,-0.002008596547019459,-0.017817428513501543
2023-09-07,-0.02924959745395428,0.018395430569861038,0.005949721370334116,-0.008922033548595443,-0.0017068620153485314
2023-09-08,0.0034917219298760127,0.0027565441218631026,0.008280389675031197,0.013215576169250731,-0.01188916230408743
2023-09-11,0.006622459178425633,0.035231212663680456,0.003959485748547431,0.010979096798016341,0.10092549928477124
2023-09-12,-0.017060479729862355,-0.013067856717097759,-0.011539575672437796,-0.01825748232310287,-0.022296863386701782
2023-09-13,-0.011854740701025435,0.025632022130484877,0.01012272909567602,0.012930528913790651,0.014281354305895722
2023-09-14,0.008782453241863664,-0.0008975138235036706,0.010167584122638074,0.007855805869190657,0.017471511114000693
2023-09-15,-0.004154118955203456,-0.029919857618376344,-0.005069107276979623,-0.025036935849498843,-0.005977372284481253
2023-09-18,0.016913460412088632,-0.0029204620264398073,0.005895419374141175,-0.003512763310062783,-0.033200974462619715
2023-09-19,0.006181119160940218,-0.016788047695762587,-0.0012301464810474672,-0.0012461043876638156,0.004598918977371191
2023-09-20,-0.01999234283346718,-0.01700219075536713,-0.03115041718900735,-0.023976880731096828,-0.014671683535119606
2023-09-21,-0.00888958247270688,-0.04405345369833069,-0.024674629529697456,-0.0038656675906009186,-0.026238620989897266
2023-09-22,0.004944600135231125,-0.0016238050792075631,-0.0014566355469554093,-0.007886530224592625,-0.042315182614647506
2023-09-25,0.007380362880721858,0.01665124873434287,0.006602692245725628,0.0016719349445688536,0.008616467528091087
2023-09-26,-0.023398491974245594,-0.040298626825268746,-0.019372878943429983,-0.017005796796210948,-0.011619945391094011
2023-09-27,-0.008897367588276306,0.0,0.01532201760809393,0.002082489172989588,-0.014828753029631048
2023-09-28,0.0015257361083420573,0.0,0.013559200182912345,0.0027175115605622135,0.02444908475181906
2023-09-29,0.0030462809135514135,0.009049050319664742,-0.010959083784874646,0.0067273644582002134,0.015585665483353939
2023-10-02,0.014835475913811624,0.01840783446134786,0.025294210110559545,0.019160489740588815,0.005515166158101437
2023-10-03,-0.0077696307632846295,-0.03661366636292884,-0.012968520289277863,-0.0261340265778085,-0.020151062008054166
2023-10-04,0.00730851088978679,0.018280939360016735,0.021218454446495505,0.017773335896822173,0.05934371052307452
2023-10-05,0.007197968628018581,-0.008188983586829512,-0.0012567070067303066,0.001254062610872797,-0.00425032873937603
2023-10-06,0.014750421376937162,0.015878056641289273,0.01858296029096329,0.02473708043249978,0.001845841218459432
2023-10-09,0.008451244955202775,0.0023444468936362206,0.006105316457281518,0.007822481807773007,-0.003300907210654902
2023-10-10,-0.0033522197383617502,0.009511938819224852,-0.002600606793432214,-0.004335659718947449,0.015211543440507347
2023-10-11,0.007904087563194828,0.01814956889912689,0.01803563801151653,0.012271918548296012,-0.002389822071472425
2023-10-12,0.00506109964594792,0.0037927633547389927,-0.011241541314289893,-0.0037903599503826824,-0.015665976919941982
2023-10-13,-0.010292656081734353,-0.019194502454286222,-0.01158522828040931,-0.01035761714313943,-0.02993780718577166
2023-10-16,-0.0007268670106992392,0.021265196921155027,0.012667230719983325,0.01498185711397615,0.01115006015531006
2023-10-17,-0.008784549461657187,-0.008147882355257097,0.004457419428336218,-0.0017434636012230165,0.0036626021631882555
2023-10-18,-0.007394978692781384,-0.025405007278304192,-0.012596636000736017,-0.0058724992533966125,-0.04775363208267347
2023-10-19,-0.0021609501367823025,0.002107149015711185,-0.0015223202073594289,0.0036652672558119548,-0.09300310180733784
2023-10-20,-0.014704182197983307,-0.02515573116103942,-0.01560783159187018,-0.014034636407848078,-0.036890623300491754
2023-10-23,0.0006941032566327721,0.011104892625885654,0.006636837808191576,0.00811227936262715,0.0004245310418349302
2023-10-24,0.002543101505881218,0.015802781594350668,0.016923284656164883,0.003674059526432849,0.02093550737020089
2023-10-25,-0.01349162706831053,-0.055771610960691276,-0.09509396583932961,0.03067818552236523,-0.018935922882932887
2023-10-26,-0.02460535956880061,-0.01499299533713827,-0.026510572144825773,-0.0375142727614306,-0.031352997455599385
2023-10-27,0.007969209502370234,0.06832816082460003,-0.0008996544058845757,0.005855540996471342,0.00748448962886572
2023-10-30,0.012305309101053874,0.03890722509168976,0.018744408301752724,0.02274038476502027,-0.04794984223383958
2023-10-31,0.002818912924917427,0.002863308000901066,-0.0030531849628462338,0.0023714960122791506,0.017632730628176496
2023-11-01,0.018738480210935826,0.02937864429857373,0.01910050273095032,0.023542748592760177,0.023999240251476817
2023-11-02,0.020693433542513517,0.007810272439553012,0.008224687970550537,0.006501697646521087,0.06248172039245192
2023-11-03,-0.005181428682957789,0.0038386235328597973,0.01262861655770986,0.012861528437534187,0.006635907937775798
2023-11-06,0.014605306887887082,0.008225103459209127,0.008907630421583157,0.010572701440588306,-0.0031369449915676917
2023-11-07,0.014450618361676382,0.02125376487729147,0.005527816139961672,0.011219308461970057,0.013271256198382764
2023-11-08,0.005885092909292178,-0.004414580990635519,0.006642749214103683,0.007405700354806477,-0.00031502415940676265
2023-11-09,-0.0026246225110970745,-0.010416636461610618,-0.012136032226143123,-0.006910872170875604,-0.054612601186257326
2023-11-10,0.023220068004728756,0.021052569890351647,0.0180437144385035,0.02489684920825952,0.022240205086035525
2023-11-13,-0.008583650874129822,-0.006756765374750118,-0.003771093903835232,-0.008088375620114663,0.04220830689495392
2023-11-14,0.014285701175761334,0.02251214528584833,0.01158311231632081,0.00979049062650228,0.06123998273248876
2023-11-15,0.0030409367114865304,-0.017832688951265996,0.007483934049176799,0.00040601916481031175,0.022871793909364557
2023-11-16,0.009042260686535464,-0.0025837648398919777,0.017159274191935525,0.01758324423515467,-0.038090924639652135
2023-11-17,-0.0001054855235340657,0.016453061783939793,-0.01183085976030196,-0.016800938337856897,0.0030395424675642158
2023-11-20,0.009278178578360219,0.0065436854591447435,0.006947140899046467,0.02052188977514713,0.005548455120893081
2023-11-21,-0.004230840344200848,-0.015260459261028925,0.005284389208098261,-0.011577900841122979,0.023769060694616817
2023-11-22,0.00351442412436187,0.019527539517508297,0.011097415174678327,0.012812394478894484,-0.028980059381488954
2023-11-24,-0.007004151817305515,0.0002044767086364363,-0.012997458364174763,-0.0011115936506559398,0.00529435207219775
2023-11-27,-0.0009476645996102651,0.006746559883569869,-0.002048356475030544,0.0031263715041653928,0.0026757481035388775
2023-11-28,0.0032140032248073602,-0.00473835354015173,0.005791246474786904,0.010802877454812787,0.04506946504203557
2023-11-29,-0.005409579685691002,-0.0048288883967405605,-0.01610783695994311,-0.010060067574906406,-0.010457205813430348
2023-11-30,0.003062781899887179,-0.001571972217158657,-0.018223570824689617,0.00015830967223751102,-0.016629792613843564
2023-12-01,0.006791243685053239,0.006434406632690459,-0.005055437541043761,-0.011612290194030539,-0.005206597761023168
2023-12-04,-0.009464503396136359,-0.014894936132684111,-0.019641944569547043,-0.014338796114727992,-0.01360800559009756
2023-12-05,0.0210630997726593,0.014084566393959497,0.013305374634895673,0.009156566848353753,0.013328802806870987
2023-12-06,-0.005686994734904749,-0.016067541747663228,-0.007405048817908821,-0.00998615002308334,0.002722829646282676
2023-12-07,0.010139330519279843,0.016329923474831087,0.05314547393175095,0.005829706706612203,0.01366087788429815
2023-12-08,0.007412321272912026,0.0036764247561378305,-0.014167751744523227,0.008842168723498744,0.0049455858525417895
2023-12-11,-0.012927265784934305,-0.010378502226973785,-0.012593418922279498,-0.007829381466089469,-0.01681426716823431
2023-12-12,0.00792014350112491,0.010898597193382598,-0.005776984838675503,0.008295153493698804,-0.011387381846063915
2023-12-13,0.016691561126509047,0.009221593773735215,0.00037742468659307526,-2.6699978067923347e-05,0.009619842336358264
2023-12-14,0.0007575474962497886,-0.00954043404920335,-0.004752178570226584,-0.022544504537583387,0.04914543063053567
2023-12-15,-0.0027257914219360746,0.01729753821347546,0.005002016688314459,0.013117193421806617,0.009758999874367902
2023-12-18,-0.008503357831011304,0.027338841569267247,0.024132951564932448,0.005178960903613916,-0.005601570686174839
2023-12-19,0.00536028637515118,-0.0018174467759756174,0.0062590944252278735,0.0016370928656173067,0.0203903496997484
2023-12-20,-0.010713985438186024,-0.01085895208954335,0.012367480424638977,-0.007072854652807825,-0.03918825045959673
2023-12-21,-0.0007698761218754013,0.011306871390431628,0.015035365588244476,0.00787858761527005,0.029780693649462897
2023-12-22,-0.005547473903708688,-0.0027300973670256745,0.007619919952931431,0.0027842055382270026,-0.007701401626197146
2023-12-26,-0.0028410522978671304,-6.514474615582078e-05,0.00021225055395013293,0.0002135686450399632,0.01611622781987765
2023-12-27,0.0005180630049905766,-0.0004563413242133496,-0.008126210098677755,-0.0015747842294547842,0.018822405072142834
2023-12-28,0.002226270001987496,0.0002609139551152939,-0.0009973826924509765,0.0032347854750256477,-0.03159428430420175
2023-12-29,-0.005424250246156781,-0.009388462612883952,-0.0038507786254852183,0.002025158889191747,-0.018563856087399966
